gene,dataset,method,metric,value,seed
CEBPA,Norman,OpPert,top_DE_Pearson,0.4818109162042905,0
CEBPA,Norman,descriptor-only,top_DE_Pearson,0.4694079030570366,0
CEBPA,Norman,linear,top_DE_Pearson,0.3776169604258815,0
CEBPA,Norman,GEARS,top_DE_Pearson,0.461288290314534,0
CEBPA,Norman,mean,top_DE_Pearson,0.21085805062874294,0
CEBPA,Norman,OpPert,top_DE_Pearson,0.5544252812476854,1
CEBPA,Norman,descriptor-only,top_DE_Pearson,0.4199871084746243,1
CEBPA,Norman,linear,top_DE_Pearson,0.37071659536408885,1
CEBPA,Norman,GEARS,top_DE_Pearson,0.5551365641784435,1
CEBPA,Norman,mean,top_DE_Pearson,0.26153998609690365,1
CEBPA,Norman,OpPert,top_DE_Pearson,0.587816621401693,2
CEBPA,Norman,descriptor-only,top_DE_Pearson,0.4079375505607318,2
CEBPA,Norman,linear,top_DE_Pearson,0.5560942826737256,2
CEBPA,Norman,GEARS,top_DE_Pearson,0.5349730323355688,2
CEBPA,Norman,mean,top_DE_Pearson,0.2795171277475583,2
CEBPA,Norman,OpPert,top_DE_Pearson,0.4849750468673817,3
CEBPA,Norman,descriptor-only,top_DE_Pearson,0.4863315123134586,3
CEBPA,Norman,linear,top_DE_Pearson,0.44425731215739,3
CEBPA,Norman,GEARS,top_DE_Pearson,0.47983944957871805,3
CEBPA,Norman,mean,top_DE_Pearson,0.4163343317063259,3
CEBPA,Norman,OpPert,top_DE_Pearson,0.49507866759780267,4
CEBPA,Norman,descriptor-only,top_DE_Pearson,0.4554776263305273,4
CEBPA,Norman,linear,top_DE_Pearson,0.5172776676191384,4
CEBPA,Norman,GEARS,top_DE_Pearson,0.538547049303136,4
CEBPA,Norman,mean,top_DE_Pearson,0.33042323994875966,4
CEBPE,Norman,OpPert,top_DE_Pearson,0.5226656471488406,0
CEBPE,Norman,descriptor-only,top_DE_Pearson,0.3456710722487441,0
CEBPE,Norman,linear,top_DE_Pearson,0.39662530044008826,0
CEBPE,Norman,GEARS,top_DE_Pearson,0.5091015535944841,0
CEBPE,Norman,mean,top_DE_Pearson,0.33172706866346585,0
CEBPE,Norman,OpPert,top_DE_Pearson,0.5444956247139736,1
CEBPE,Norman,descriptor-only,top_DE_Pearson,0.5123552165780436,1
CEBPE,Norman,linear,top_DE_Pearson,0.38876061345626356,1
CEBPE,Norman,GEARS,top_DE_Pearson,0.475829181866041,1
CEBPE,Norman,mean,top_DE_Pearson,0.3513226578046731,1
CEBPE,Norman,OpPert,top_DE_Pearson,0.4977504037455291,2
CEBPE,Norman,descriptor-only,top_DE_Pearson,0.535888626835645,2
CEBPE,Norman,linear,top_DE_Pearson,0.5145152080967889,2
CEBPE,Norman,GEARS,top_DE_Pearson,0.5074079996253253,2
CEBPE,Norman,mean,top_DE_Pearson,0.4476539067597152,2
CEBPE,Norman,OpPert,top_DE_Pearson,0.4500662832233915,3
CEBPE,Norman,descriptor-only,top_DE_Pearson,0.4495364231336591,3
CEBPE,Norman,linear,top_DE_Pearson,0.4819802181360437,3
CEBPE,Norman,GEARS,top_DE_Pearson,0.4351266971923647,3
CEBPE,Norman,mean,top_DE_Pearson,0.35804287250906375,3
CEBPE,Norman,OpPert,top_DE_Pearson,0.4736050503727274,4
CEBPE,Norman,descriptor-only,top_DE_Pearson,0.4914334390964552,4
CEBPE,Norman,linear,top_DE_Pearson,0.5234700860877344,4
CEBPE,Norman,GEARS,top_DE_Pearson,0.5063400040676997,4
CEBPE,Norman,mean,top_DE_Pearson,0.2288321310961033,4
CDKN1A,Norman,OpPert,top_DE_Pearson,0.48199238873003797,0
CDKN1A,Norman,descriptor-only,top_DE_Pearson,0.48388260019278967,0
CDKN1A,Norman,linear,top_DE_Pearson,0.46127191861074196,0
CDKN1A,Norman,GEARS,top_DE_Pearson,0.3283598429384507,0
CDKN1A,Norman,mean,top_DE_Pearson,0.41456982303209444,0
CDKN1A,Norman,OpPert,top_DE_Pearson,0.54819939037523,1
CDKN1A,Norman,descriptor-only,top_DE_Pearson,0.4008555201599973,1
CDKN1A,Norman,linear,top_DE_Pearson,0.5196973358539999,1
CDKN1A,Norman,GEARS,top_DE_Pearson,0.44934759922558604,1
CDKN1A,Norman,mean,top_DE_Pearson,0.29869287294374713,1
CDKN1A,Norman,OpPert,top_DE_Pearson,0.5615011590608422,2
CDKN1A,Norman,descriptor-only,top_DE_Pearson,0.5568623075545377,2
CDKN1A,Norman,linear,top_DE_Pearson,0.5574152306783732,2
CDKN1A,Norman,GEARS,top_DE_Pearson,0.5115826899342464,2
CDKN1A,Norman,mean,top_DE_Pearson,0.3677431395310192,2
CDKN1A,Norman,OpPert,top_DE_Pearson,0.5874899359250896,3
CDKN1A,Norman,descriptor-only,top_DE_Pearson,0.3745809794778391,3
CDKN1A,Norman,linear,top_DE_Pearson,0.49864890022911895,3
CDKN1A,Norman,GEARS,top_DE_Pearson,0.4459555919113883,3
CDKN1A,Norman,mean,top_DE_Pearson,0.3591086840077949,3
CDKN1A,Norman,OpPert,top_DE_Pearson,0.5263519423435598,4
CDKN1A,Norman,descriptor-only,top_DE_Pearson,0.4800724996268529,4
CDKN1A,Norman,linear,top_DE_Pearson,0.46708620790038763,4
CDKN1A,Norman,GEARS,top_DE_Pearson,0.30561818375072203,4
CDKN1A,Norman,mean,top_DE_Pearson,0.35073350270231085,4
CDKN1B,Norman,OpPert,top_DE_Pearson,0.5785291771379558,0
CDKN1B,Norman,descriptor-only,top_DE_Pearson,0.4767557009003072,0
CDKN1B,Norman,linear,top_DE_Pearson,0.45384484322748525,0
CDKN1B,Norman,GEARS,top_DE_Pearson,0.5885297015158244,0
CDKN1B,Norman,mean,top_DE_Pearson,0.3586823877472997,0
CDKN1B,Norman,OpPert,top_DE_Pearson,0.5662603980115865,1
CDKN1B,Norman,descriptor-only,top_DE_Pearson,0.5126695136430341,1
CDKN1B,Norman,linear,top_DE_Pearson,0.48175557998179597,1
CDKN1B,Norman,GEARS,top_DE_Pearson,0.4361189347951478,1
CDKN1B,Norman,mean,top_DE_Pearson,0.1936997551732227,1
CDKN1B,Norman,OpPert,top_DE_Pearson,0.5113727458789151,2
CDKN1B,Norman,descriptor-only,top_DE_Pearson,0.495656731552867,2
CDKN1B,Norman,linear,top_DE_Pearson,0.43881422011493165,2
CDKN1B,Norman,GEARS,top_DE_Pearson,0.5380707023369038,2
CDKN1B,Norman,mean,top_DE_Pearson,0.3489236905552164,2
CDKN1B,Norman,OpPert,top_DE_Pearson,0.6172839642157311,3
CDKN1B,Norman,descriptor-only,top_DE_Pearson,0.43228699757276035,3
CDKN1B,Norman,linear,top_DE_Pearson,0.4880568895940613,3
CDKN1B,Norman,GEARS,top_DE_Pearson,0.5203531038721215,3
CDKN1B,Norman,mean,top_DE_Pearson,0.4300961123578716,3
CDKN1B,Norman,OpPert,top_DE_Pearson,0.43760176161994335,4
CDKN1B,Norman,descriptor-only,top_DE_Pearson,0.42249550352681053,4
CDKN1B,Norman,linear,top_DE_Pearson,0.5109109663233102,4
CDKN1B,Norman,GEARS,top_DE_Pearson,0.5827537887867189,4
CDKN1B,Norman,mean,top_DE_Pearson,0.35440429075852486,4
SPI1,Norman,OpPert,top_DE_Pearson,0.5224377501347108,0
SPI1,Norman,descriptor-only,top_DE_Pearson,0.4954271021204667,0
SPI1,Norman,linear,top_DE_Pearson,0.512122160513901,0
SPI1,Norman,GEARS,top_DE_Pearson,0.46842029927996154,0
SPI1,Norman,mean,top_DE_Pearson,0.3598184387306528,0
SPI1,Norman,OpPert,top_DE_Pearson,0.6108316357447182,1
SPI1,Norman,descriptor-only,top_DE_Pearson,0.5634275395964671,1
SPI1,Norman,linear,top_DE_Pearson,0.5045562975541176,1
SPI1,Norman,GEARS,top_DE_Pearson,0.49264833379993556,1
SPI1,Norman,mean,top_DE_Pearson,0.33675548943772554,1
SPI1,Norman,OpPert,top_DE_Pearson,0.5734437934316174,2
SPI1,Norman,descriptor-only,top_DE_Pearson,0.443059629451233,2
SPI1,Norman,linear,top_DE_Pearson,0.4713784299413433,2
SPI1,Norman,GEARS,top_DE_Pearson,0.4265274241281475,2
SPI1,Norman,mean,top_DE_Pearson,0.41782343178946957,2
SPI1,Norman,OpPert,top_DE_Pearson,0.47158891637107936,3
SPI1,Norman,descriptor-only,top_DE_Pearson,0.42407329437281926,3
SPI1,Norman,linear,top_DE_Pearson,0.46585559565110884,3
SPI1,Norman,GEARS,top_DE_Pearson,0.6094592127933183,3
SPI1,Norman,mean,top_DE_Pearson,0.31463902090886037,3
SPI1,Norman,OpPert,top_DE_Pearson,0.5000390511623762,4
SPI1,Norman,descriptor-only,top_DE_Pearson,0.4169509849599724,4
SPI1,Norman,linear,top_DE_Pearson,0.5595338300566788,4
SPI1,Norman,GEARS,top_DE_Pearson,0.32125918038963874,4
SPI1,Norman,mean,top_DE_Pearson,0.2798357192710848,4
JUN,Norman,OpPert,top_DE_Pearson,0.7038773225495731,0
JUN,Norman,descriptor-only,top_DE_Pearson,0.4854529244094982,0
JUN,Norman,linear,top_DE_Pearson,0.39364090303964683,0
JUN,Norman,GEARS,top_DE_Pearson,0.4874849210695137,0
JUN,Norman,mean,top_DE_Pearson,0.3440472739640717,0
JUN,Norman,OpPert,top_DE_Pearson,0.5907675147543364,1
JUN,Norman,descriptor-only,top_DE_Pearson,0.5603701201693538,1
JUN,Norman,linear,top_DE_Pearson,0.48331310087675294,1
JUN,Norman,GEARS,top_DE_Pearson,0.45761270181922237,1
JUN,Norman,mean,top_DE_Pearson,0.3872250665258923,1
JUN,Norman,OpPert,top_DE_Pearson,0.49810483818822837,2
JUN,Norman,descriptor-only,top_DE_Pearson,0.38799975024065825,2
JUN,Norman,linear,top_DE_Pearson,0.35440546768261333,2
JUN,Norman,GEARS,top_DE_Pearson,0.39609229632997595,2
JUN,Norman,mean,top_DE_Pearson,0.2862132906325437,2
JUN,Norman,OpPert,top_DE_Pearson,0.4693326139379478,3
JUN,Norman,descriptor-only,top_DE_Pearson,0.46879419164248304,3
JUN,Norman,linear,top_DE_Pearson,0.3880358904505579,3
JUN,Norman,GEARS,top_DE_Pearson,0.30138002187851537,3
JUN,Norman,mean,top_DE_Pearson,0.2773652935246321,3
JUN,Norman,OpPert,top_DE_Pearson,0.5116884211367149,4
JUN,Norman,descriptor-only,top_DE_Pearson,0.4136730307276821,4
JUN,Norman,linear,top_DE_Pearson,0.551171480758551,4
JUN,Norman,GEARS,top_DE_Pearson,0.45318744644265097,4
JUN,Norman,mean,top_DE_Pearson,0.3928554077919519,4
FOS,Norman,OpPert,top_DE_Pearson,0.5388610440191484,0
FOS,Norman,descriptor-only,top_DE_Pearson,0.4474617164596441,0
FOS,Norman,linear,top_DE_Pearson,0.4098771826691178,0
FOS,Norman,GEARS,top_DE_Pearson,0.486473040905154,0
FOS,Norman,mean,top_DE_Pearson,0.294094232386155,0
FOS,Norman,OpPert,top_DE_Pearson,0.5502014588552743,1
FOS,Norman,descriptor-only,top_DE_Pearson,0.4358250220425787,1
FOS,Norman,linear,top_DE_Pearson,0.403322324008504,1
FOS,Norman,GEARS,top_DE_Pearson,0.5495136603820358,1
FOS,Norman,mean,top_DE_Pearson,0.3656104288012855,1
FOS,Norman,OpPert,top_DE_Pearson,0.5131162359514652,2
FOS,Norman,descriptor-only,top_DE_Pearson,0.4587295828221186,2
FOS,Norman,linear,top_DE_Pearson,0.4549706487098822,2
FOS,Norman,GEARS,top_DE_Pearson,0.43794454376420355,2
FOS,Norman,mean,top_DE_Pearson,0.34422977374126984,2
FOS,Norman,OpPert,top_DE_Pearson,0.5027392947115575,3
FOS,Norman,descriptor-only,top_DE_Pearson,0.39330396986279403,3
FOS,Norman,linear,top_DE_Pearson,0.3626339601840085,3
FOS,Norman,GEARS,top_DE_Pearson,0.46848355878768216,3
FOS,Norman,mean,top_DE_Pearson,0.37401823957502345,3
FOS,Norman,OpPert,top_DE_Pearson,0.49832043879726845,4
FOS,Norman,descriptor-only,top_DE_Pearson,0.6012425215294782,4
FOS,Norman,linear,top_DE_Pearson,0.5131411392191639,4
FOS,Norman,GEARS,top_DE_Pearson,0.5682598079596287,4
FOS,Norman,mean,top_DE_Pearson,0.38771458072442555,4
KLF1,Norman,OpPert,top_DE_Pearson,0.6511718984963144,0
KLF1,Norman,descriptor-only,top_DE_Pearson,0.40277988099164747,0
KLF1,Norman,linear,top_DE_Pearson,0.3063557568604828,0
KLF1,Norman,GEARS,top_DE_Pearson,0.463232463498827,0
KLF1,Norman,mean,top_DE_Pearson,0.3734931145328523,0
KLF1,Norman,OpPert,top_DE_Pearson,0.5490910183048787,1
KLF1,Norman,descriptor-only,top_DE_Pearson,0.466528356658067,1
KLF1,Norman,linear,top_DE_Pearson,0.5392546001601923,1
KLF1,Norman,GEARS,top_DE_Pearson,0.51292345446775,1
KLF1,Norman,mean,top_DE_Pearson,0.3879347756554613,1
KLF1,Norman,OpPert,top_DE_Pearson,0.4836262354888345,2
KLF1,Norman,descriptor-only,top_DE_Pearson,0.3842763786470378,2
KLF1,Norman,linear,top_DE_Pearson,0.5568468353814693,2
KLF1,Norman,GEARS,top_DE_Pearson,0.49605409210882406,2
KLF1,Norman,mean,top_DE_Pearson,0.30260624899323196,2
KLF1,Norman,OpPert,top_DE_Pearson,0.5027163303871729,3
KLF1,Norman,descriptor-only,top_DE_Pearson,0.41105261270170457,3
KLF1,Norman,linear,top_DE_Pearson,0.4174624587372495,3
KLF1,Norman,GEARS,top_DE_Pearson,0.4130111318437804,3
KLF1,Norman,mean,top_DE_Pearson,0.24997477586676953,3
KLF1,Norman,OpPert,top_DE_Pearson,0.5282997373407349,4
KLF1,Norman,descriptor-only,top_DE_Pearson,0.41442444778077603,4
KLF1,Norman,linear,top_DE_Pearson,0.5264295571265978,4
KLF1,Norman,GEARS,top_DE_Pearson,0.507584599196015,4
KLF1,Norman,mean,top_DE_Pearson,0.355919060804679,4
ELK1,Norman,OpPert,top_DE_Pearson,0.495412775546733,0
ELK1,Norman,descriptor-only,top_DE_Pearson,0.44273829505320145,0
ELK1,Norman,linear,top_DE_Pearson,0.48166006621788643,0
ELK1,Norman,GEARS,top_DE_Pearson,0.5329717443827605,0
ELK1,Norman,mean,top_DE_Pearson,0.3343664904088981,0
ELK1,Norman,OpPert,top_DE_Pearson,0.6047474267594526,1
ELK1,Norman,descriptor-only,top_DE_Pearson,0.45047935853447657,1
ELK1,Norman,linear,top_DE_Pearson,0.5075708271110608,1
ELK1,Norman,GEARS,top_DE_Pearson,0.46060886748465096,1
ELK1,Norman,mean,top_DE_Pearson,0.23124469800588154,1
ELK1,Norman,OpPert,top_DE_Pearson,0.5561015392811114,2
ELK1,Norman,descriptor-only,top_DE_Pearson,0.49351944378879753,2
ELK1,Norman,linear,top_DE_Pearson,0.4945208399084542,2
ELK1,Norman,GEARS,top_DE_Pearson,0.5153311996862464,2
ELK1,Norman,mean,top_DE_Pearson,0.3190847820427008,2
ELK1,Norman,OpPert,top_DE_Pearson,0.4915952249132645,3
ELK1,Norman,descriptor-only,top_DE_Pearson,0.4831036961426268,3
ELK1,Norman,linear,top_DE_Pearson,0.4855868449718965,3
ELK1,Norman,GEARS,top_DE_Pearson,0.45634605454937044,3
ELK1,Norman,mean,top_DE_Pearson,0.40656545135152344,3
ELK1,Norman,OpPert,top_DE_Pearson,0.487028069127144,4
ELK1,Norman,descriptor-only,top_DE_Pearson,0.41498859727253756,4
ELK1,Norman,linear,top_DE_Pearson,0.5581855127404999,4
ELK1,Norman,GEARS,top_DE_Pearson,0.5421149162640347,4
ELK1,Norman,mean,top_DE_Pearson,0.31851944164653867,4
FOXA1,Norman,OpPert,top_DE_Pearson,0.5572428425786131,0
FOXA1,Norman,descriptor-only,top_DE_Pearson,0.4592875346714303,0
FOXA1,Norman,linear,top_DE_Pearson,0.29526316810135733,0
FOXA1,Norman,GEARS,top_DE_Pearson,0.4356115630315971,0
FOXA1,Norman,mean,top_DE_Pearson,0.3369492029734431,0
FOXA1,Norman,OpPert,top_DE_Pearson,0.5186033114064417,1
FOXA1,Norman,descriptor-only,top_DE_Pearson,0.46482615388982523,1
FOXA1,Norman,linear,top_DE_Pearson,0.5277689387768753,1
FOXA1,Norman,GEARS,top_DE_Pearson,0.47070785292076434,1
FOXA1,Norman,mean,top_DE_Pearson,0.2765407122326281,1
FOXA1,Norman,OpPert,top_DE_Pearson,0.5594910995106628,2
FOXA1,Norman,descriptor-only,top_DE_Pearson,0.4304025999859318,2
FOXA1,Norman,linear,top_DE_Pearson,0.4506361899506859,2
FOXA1,Norman,GEARS,top_DE_Pearson,0.4724935768508153,2
FOXA1,Norman,mean,top_DE_Pearson,0.47451026800065915,2
FOXA1,Norman,OpPert,top_DE_Pearson,0.40555774434012337,3
FOXA1,Norman,descriptor-only,top_DE_Pearson,0.4266999658120412,3
FOXA1,Norman,linear,top_DE_Pearson,0.4597786584610965,3
FOXA1,Norman,GEARS,top_DE_Pearson,0.44313145046303326,3
FOXA1,Norman,mean,top_DE_Pearson,0.393989549927697,3
FOXA1,Norman,OpPert,top_DE_Pearson,0.5887954607231785,4
FOXA1,Norman,descriptor-only,top_DE_Pearson,0.44713472289068756,4
FOXA1,Norman,linear,top_DE_Pearson,0.4437595746793784,4
FOXA1,Norman,GEARS,top_DE_Pearson,0.4832825899461012,4
FOXA1,Norman,mean,top_DE_Pearson,0.33371280078113136,4
MAPK1,Norman,OpPert,top_DE_Pearson,0.5352976183124543,0
MAPK1,Norman,descriptor-only,top_DE_Pearson,0.43872005390899205,0
MAPK1,Norman,linear,top_DE_Pearson,0.4751469588755436,0
MAPK1,Norman,GEARS,top_DE_Pearson,0.5351927238896719,0
MAPK1,Norman,mean,top_DE_Pearson,0.26618439114408543,0
MAPK1,Norman,OpPert,top_DE_Pearson,0.4769601660460111,1
MAPK1,Norman,descriptor-only,top_DE_Pearson,0.3450889182309886,1
MAPK1,Norman,linear,top_DE_Pearson,0.511983844021456,1
MAPK1,Norman,GEARS,top_DE_Pearson,0.5050193975914278,1
MAPK1,Norman,mean,top_DE_Pearson,0.37031605095596626,1
MAPK1,Norman,OpPert,top_DE_Pearson,0.45423010569819194,2
MAPK1,Norman,descriptor-only,top_DE_Pearson,0.5570968873728083,2
MAPK1,Norman,linear,top_DE_Pearson,0.42346894551127856,2
MAPK1,Norman,GEARS,top_DE_Pearson,0.5000923484266754,2
MAPK1,Norman,mean,top_DE_Pearson,0.39126307964070234,2
MAPK1,Norman,OpPert,top_DE_Pearson,0.4807812146522357,3
MAPK1,Norman,descriptor-only,top_DE_Pearson,0.41722053848924,3
MAPK1,Norman,linear,top_DE_Pearson,0.4707503064760525,3
MAPK1,Norman,GEARS,top_DE_Pearson,0.6614483845278823,3
MAPK1,Norman,mean,top_DE_Pearson,0.3580674845711215,3
MAPK1,Norman,OpPert,top_DE_Pearson,0.6363816690378431,4
MAPK1,Norman,descriptor-only,top_DE_Pearson,0.5223403887115173,4
MAPK1,Norman,linear,top_DE_Pearson,0.48208060218967114,4
MAPK1,Norman,GEARS,top_DE_Pearson,0.43064825370215926,4
MAPK1,Norman,mean,top_DE_Pearson,0.40358521664909414,4
STAT3,Norman,OpPert,top_DE_Pearson,0.4501133795011172,0
STAT3,Norman,descriptor-only,top_DE_Pearson,0.5460525074206255,0
STAT3,Norman,linear,top_DE_Pearson,0.4720003184930953,0
STAT3,Norman,GEARS,top_DE_Pearson,0.33098658716210944,0
STAT3,Norman,mean,top_DE_Pearson,0.3195696342980897,0
STAT3,Norman,OpPert,top_DE_Pearson,0.5792368692553764,1
STAT3,Norman,descriptor-only,top_DE_Pearson,0.435778567617614,1
STAT3,Norman,linear,top_DE_Pearson,0.5029003486596144,1
STAT3,Norman,GEARS,top_DE_Pearson,0.4389985499372623,1
STAT3,Norman,mean,top_DE_Pearson,0.2616410576327436,1
STAT3,Norman,OpPert,top_DE_Pearson,0.5357132758171437,2
STAT3,Norman,descriptor-only,top_DE_Pearson,0.4518939400373949,2
STAT3,Norman,linear,top_DE_Pearson,0.43909693893626073,2
STAT3,Norman,GEARS,top_DE_Pearson,0.5636374687985315,2
STAT3,Norman,mean,top_DE_Pearson,0.28898755749165655,2
STAT3,Norman,OpPert,top_DE_Pearson,0.558789936439941,3
STAT3,Norman,descriptor-only,top_DE_Pearson,0.45407819826981755,3
STAT3,Norman,linear,top_DE_Pearson,0.36659704287183503,3
STAT3,Norman,GEARS,top_DE_Pearson,0.41085818897988924,3
STAT3,Norman,mean,top_DE_Pearson,0.3407146609749179,3
STAT3,Norman,OpPert,top_DE_Pearson,0.6588719999212178,4
STAT3,Norman,descriptor-only,top_DE_Pearson,0.48475618871392867,4
STAT3,Norman,linear,top_DE_Pearson,0.35646191049132203,4
STAT3,Norman,GEARS,top_DE_Pearson,0.3033707160928397,4
STAT3,Norman,mean,top_DE_Pearson,0.3839832155802628,4
CEBPA,K562,OpPert,top_DE_Pearson,0.534227191024308,0
CEBPA,K562,descriptor-only,top_DE_Pearson,0.5184759581706222,0
CEBPA,K562,linear,top_DE_Pearson,0.4071569247573135,0
CEBPA,K562,GEARS,top_DE_Pearson,0.5110127498715116,0
CEBPA,K562,mean,top_DE_Pearson,0.39077040778167177,0
CEBPA,K562,OpPert,top_DE_Pearson,0.5131521817076111,1
CEBPA,K562,descriptor-only,top_DE_Pearson,0.4244348657861361,1
CEBPA,K562,linear,top_DE_Pearson,0.4615157698659034,1
CEBPA,K562,GEARS,top_DE_Pearson,0.5225605807936198,1
CEBPA,K562,mean,top_DE_Pearson,0.33913995972928535,1
CEBPA,K562,OpPert,top_DE_Pearson,0.5984397802655692,2
CEBPA,K562,descriptor-only,top_DE_Pearson,0.4222838886439782,2
CEBPA,K562,linear,top_DE_Pearson,0.38029628767221346,2
CEBPA,K562,GEARS,top_DE_Pearson,0.6086185220867908,2
CEBPA,K562,mean,top_DE_Pearson,0.30372197580745325,2
CEBPA,K562,OpPert,top_DE_Pearson,0.5058934749769352,3
CEBPA,K562,descriptor-only,top_DE_Pearson,0.44605180073566897,3
CEBPA,K562,linear,top_DE_Pearson,0.46403086657923887,3
CEBPA,K562,GEARS,top_DE_Pearson,0.46679898145070303,3
CEBPA,K562,mean,top_DE_Pearson,0.3389539661830595,3
CEBPA,K562,OpPert,top_DE_Pearson,0.5376142661143096,4
CEBPA,K562,descriptor-only,top_DE_Pearson,0.4604891596212484,4
CEBPA,K562,linear,top_DE_Pearson,0.31855075246076103,4
CEBPA,K562,GEARS,top_DE_Pearson,0.6028525784204709,4
CEBPA,K562,mean,top_DE_Pearson,0.33116270118792657,4
CEBPE,K562,OpPert,top_DE_Pearson,0.5748373571668192,0
CEBPE,K562,descriptor-only,top_DE_Pearson,0.36731391950795855,0
CEBPE,K562,linear,top_DE_Pearson,0.431739984325045,0
CEBPE,K562,GEARS,top_DE_Pearson,0.4496610480207751,0
CEBPE,K562,mean,top_DE_Pearson,0.4281834258705127,0
CEBPE,K562,OpPert,top_DE_Pearson,0.504851183589847,1
CEBPE,K562,descriptor-only,top_DE_Pearson,0.4954847992164055,1
CEBPE,K562,linear,top_DE_Pearson,0.4209747728396083,1
CEBPE,K562,GEARS,top_DE_Pearson,0.4628428636207633,1
CEBPE,K562,mean,top_DE_Pearson,0.3252669900879589,1
CEBPE,K562,OpPert,top_DE_Pearson,0.6170307076097581,2
CEBPE,K562,descriptor-only,top_DE_Pearson,0.3366088404581929,2
CEBPE,K562,linear,top_DE_Pearson,0.38106018668353403,2
CEBPE,K562,GEARS,top_DE_Pearson,0.373161690058611,2
CEBPE,K562,mean,top_DE_Pearson,0.274749872814313,2
CEBPE,K562,OpPert,top_DE_Pearson,0.4913039969284736,3
CEBPE,K562,descriptor-only,top_DE_Pearson,0.35313112475457664,3
CEBPE,K562,linear,top_DE_Pearson,0.4159511352031199,3
CEBPE,K562,GEARS,top_DE_Pearson,0.3691171311439951,3
CEBPE,K562,mean,top_DE_Pearson,0.27892067657393915,3
CEBPE,K562,OpPert,top_DE_Pearson,0.612025223994612,4
CEBPE,K562,descriptor-only,top_DE_Pearson,0.4742152842168662,4
CEBPE,K562,linear,top_DE_Pearson,0.47124806033035166,4
CEBPE,K562,GEARS,top_DE_Pearson,0.42983328662325315,4
CEBPE,K562,mean,top_DE_Pearson,0.2478349024573166,4
CDKN1A,K562,OpPert,top_DE_Pearson,0.47165063546794317,0
CDKN1A,K562,descriptor-only,top_DE_Pearson,0.4474074103862391,0
CDKN1A,K562,linear,top_DE_Pearson,0.5120906067836001,0
CDKN1A,K562,GEARS,top_DE_Pearson,0.5441420450281192,0
CDKN1A,K562,mean,top_DE_Pearson,0.377836741749,0
CDKN1A,K562,OpPert,top_DE_Pearson,0.4957465881559234,1
CDKN1A,K562,descriptor-only,top_DE_Pearson,0.4514729899442393,1
CDKN1A,K562,linear,top_DE_Pearson,0.44071944819776526,1
CDKN1A,K562,GEARS,top_DE_Pearson,0.47792861419031496,1
CDKN1A,K562,mean,top_DE_Pearson,0.4622276738175888,1
CDKN1A,K562,OpPert,top_DE_Pearson,0.4342799857797833,2
CDKN1A,K562,descriptor-only,top_DE_Pearson,0.4359193910446644,2
CDKN1A,K562,linear,top_DE_Pearson,0.5327049344317694,2
CDKN1A,K562,GEARS,top_DE_Pearson,0.4020465102979877,2
CDKN1A,K562,mean,top_DE_Pearson,0.301375154484025,2
CDKN1A,K562,OpPert,top_DE_Pearson,0.5082576901459417,3
CDKN1A,K562,descriptor-only,top_DE_Pearson,0.4366026166767609,3
CDKN1A,K562,linear,top_DE_Pearson,0.364242570423627,3
CDKN1A,K562,GEARS,top_DE_Pearson,0.5257171636202823,3
CDKN1A,K562,mean,top_DE_Pearson,0.37997723695078867,3
CDKN1A,K562,OpPert,top_DE_Pearson,0.5705025195010769,4
CDKN1A,K562,descriptor-only,top_DE_Pearson,0.3977775795425351,4
CDKN1A,K562,linear,top_DE_Pearson,0.4651906474472377,4
CDKN1A,K562,GEARS,top_DE_Pearson,0.43603358562585476,4
CDKN1A,K562,mean,top_DE_Pearson,0.3200442003537093,4
CDKN1B,K562,OpPert,top_DE_Pearson,0.6692080756302528,0
CDKN1B,K562,descriptor-only,top_DE_Pearson,0.4557417226557754,0
CDKN1B,K562,linear,top_DE_Pearson,0.3887484054407696,0
CDKN1B,K562,GEARS,top_DE_Pearson,0.5008201204398348,0
CDKN1B,K562,mean,top_DE_Pearson,0.25889224443620146,0
CDKN1B,K562,OpPert,top_DE_Pearson,0.46805937644909934,1
CDKN1B,K562,descriptor-only,top_DE_Pearson,0.3875326118430725,1
CDKN1B,K562,linear,top_DE_Pearson,0.433341432868259,1
CDKN1B,K562,GEARS,top_DE_Pearson,0.546218139735352,1
CDKN1B,K562,mean,top_DE_Pearson,0.3747038918810104,1
CDKN1B,K562,OpPert,top_DE_Pearson,0.5713797196948397,2
CDKN1B,K562,descriptor-only,top_DE_Pearson,0.3840645260645675,2
CDKN1B,K562,linear,top_DE_Pearson,0.4275211386738611,2
CDKN1B,K562,GEARS,top_DE_Pearson,0.5063200664129913,2
CDKN1B,K562,mean,top_DE_Pearson,0.30230080087669525,2
CDKN1B,K562,OpPert,top_DE_Pearson,0.5232980135819342,3
CDKN1B,K562,descriptor-only,top_DE_Pearson,0.47648152155179696,3
CDKN1B,K562,linear,top_DE_Pearson,0.4390736391279219,3
CDKN1B,K562,GEARS,top_DE_Pearson,0.5035635753461215,3
CDKN1B,K562,mean,top_DE_Pearson,0.4355637073611741,3
CDKN1B,K562,OpPert,top_DE_Pearson,0.5296884720607802,4
CDKN1B,K562,descriptor-only,top_DE_Pearson,0.5207602685831524,4
CDKN1B,K562,linear,top_DE_Pearson,0.49356220403844153,4
CDKN1B,K562,GEARS,top_DE_Pearson,0.401965480390794,4
CDKN1B,K562,mean,top_DE_Pearson,0.27387177824418857,4
SPI1,K562,OpPert,top_DE_Pearson,0.48998424701580623,0
SPI1,K562,descriptor-only,top_DE_Pearson,0.398709904984033,0
SPI1,K562,linear,top_DE_Pearson,0.45458261523359117,0
SPI1,K562,GEARS,top_DE_Pearson,0.5268786428849094,0
SPI1,K562,mean,top_DE_Pearson,0.41530950500228336,0
SPI1,K562,OpPert,top_DE_Pearson,0.558490505323505,1
SPI1,K562,descriptor-only,top_DE_Pearson,0.42325922663680743,1
SPI1,K562,linear,top_DE_Pearson,0.3350655253822076,1
SPI1,K562,GEARS,top_DE_Pearson,0.4942353745250403,1
SPI1,K562,mean,top_DE_Pearson,0.3415462116216995,1
SPI1,K562,OpPert,top_DE_Pearson,0.5509757252123375,2
SPI1,K562,descriptor-only,top_DE_Pearson,0.5763744178622,2
SPI1,K562,linear,top_DE_Pearson,0.5344357927715844,2
SPI1,K562,GEARS,top_DE_Pearson,0.5371036550949991,2
SPI1,K562,mean,top_DE_Pearson,0.28227537219570403,2
SPI1,K562,OpPert,top_DE_Pearson,0.5092203150481954,3
SPI1,K562,descriptor-only,top_DE_Pearson,0.4443093235842899,3
SPI1,K562,linear,top_DE_Pearson,0.41347557255937883,3
SPI1,K562,GEARS,top_DE_Pearson,0.5200278714991071,3
SPI1,K562,mean,top_DE_Pearson,0.3614145309529423,3
SPI1,K562,OpPert,top_DE_Pearson,0.4747015324167185,4
SPI1,K562,descriptor-only,top_DE_Pearson,0.5218090025457675,4
SPI1,K562,linear,top_DE_Pearson,0.4661386200285316,4
SPI1,K562,GEARS,top_DE_Pearson,0.3862557311954649,4
SPI1,K562,mean,top_DE_Pearson,0.33691942849930184,4
JUN,K562,OpPert,top_DE_Pearson,0.5568723873553744,0
JUN,K562,descriptor-only,top_DE_Pearson,0.5083675416861444,0
JUN,K562,linear,top_DE_Pearson,0.43975141581240307,0
JUN,K562,GEARS,top_DE_Pearson,0.5396762960468324,0
JUN,K562,mean,top_DE_Pearson,0.35122851920621295,0
JUN,K562,OpPert,top_DE_Pearson,0.4610967234577453,1
JUN,K562,descriptor-only,top_DE_Pearson,0.3650899935910492,1
JUN,K562,linear,top_DE_Pearson,0.5273535922089609,1
JUN,K562,GEARS,top_DE_Pearson,0.5617590507029061,1
JUN,K562,mean,top_DE_Pearson,0.3593745538242834,1
JUN,K562,OpPert,top_DE_Pearson,0.6297424032708018,2
JUN,K562,descriptor-only,top_DE_Pearson,0.5133965909424965,2
JUN,K562,linear,top_DE_Pearson,0.5010177237687833,2
JUN,K562,GEARS,top_DE_Pearson,0.4353213106759797,2
JUN,K562,mean,top_DE_Pearson,0.44388572506194063,2
JUN,K562,OpPert,top_DE_Pearson,0.5721780859324964,3
JUN,K562,descriptor-only,top_DE_Pearson,0.4268496735233027,3
JUN,K562,linear,top_DE_Pearson,0.4199037996816821,3
JUN,K562,GEARS,top_DE_Pearson,0.5054070268908314,3
JUN,K562,mean,top_DE_Pearson,0.23973645490969275,3
JUN,K562,OpPert,top_DE_Pearson,0.5819803965211718,4
JUN,K562,descriptor-only,top_DE_Pearson,0.3927857511183584,4
JUN,K562,linear,top_DE_Pearson,0.4822364865294572,4
JUN,K562,GEARS,top_DE_Pearson,0.4587027797585104,4
JUN,K562,mean,top_DE_Pearson,0.3241348772365178,4
FOS,K562,OpPert,top_DE_Pearson,0.49458540763409614,0
FOS,K562,descriptor-only,top_DE_Pearson,0.4403262341291519,0
FOS,K562,linear,top_DE_Pearson,0.5733627727610413,0
FOS,K562,GEARS,top_DE_Pearson,0.5731035776229184,0
FOS,K562,mean,top_DE_Pearson,0.3612687372997274,0
FOS,K562,OpPert,top_DE_Pearson,0.5384823440661028,1
FOS,K562,descriptor-only,top_DE_Pearson,0.5006520714415731,1
FOS,K562,linear,top_DE_Pearson,0.5277982236464533,1
FOS,K562,GEARS,top_DE_Pearson,0.44021089706754823,1
FOS,K562,mean,top_DE_Pearson,0.3353536679420679,1
FOS,K562,OpPert,top_DE_Pearson,0.4306825062259152,2
FOS,K562,descriptor-only,top_DE_Pearson,0.5173861266156536,2
FOS,K562,linear,top_DE_Pearson,0.5839014554620513,2
FOS,K562,GEARS,top_DE_Pearson,0.4948049574773851,2
FOS,K562,mean,top_DE_Pearson,0.21249939250581903,2
FOS,K562,OpPert,top_DE_Pearson,0.576533430994622,3
FOS,K562,descriptor-only,top_DE_Pearson,0.3957546500310552,3
FOS,K562,linear,top_DE_Pearson,0.42019903350013244,3
FOS,K562,GEARS,top_DE_Pearson,0.5275945833874602,3
FOS,K562,mean,top_DE_Pearson,0.3552732475307635,3
FOS,K562,OpPert,top_DE_Pearson,0.510713473479684,4
FOS,K562,descriptor-only,top_DE_Pearson,0.4110236620439002,4
FOS,K562,linear,top_DE_Pearson,0.46755016331325,4
FOS,K562,GEARS,top_DE_Pearson,0.4654320668492579,4
FOS,K562,mean,top_DE_Pearson,0.2734457719838196,4
KLF1,K562,OpPert,top_DE_Pearson,0.5200462091112984,0
KLF1,K562,descriptor-only,top_DE_Pearson,0.47037555739531106,0
KLF1,K562,linear,top_DE_Pearson,0.449313791990822,0
KLF1,K562,GEARS,top_DE_Pearson,0.4051894841051089,0
KLF1,K562,mean,top_DE_Pearson,0.3993438772825324,0
KLF1,K562,OpPert,top_DE_Pearson,0.3756713137834,1
KLF1,K562,descriptor-only,top_DE_Pearson,0.4232180906982939,1
KLF1,K562,linear,top_DE_Pearson,0.4227880927267651,1
KLF1,K562,GEARS,top_DE_Pearson,0.4988907326722849,1
KLF1,K562,mean,top_DE_Pearson,0.37369970846816414,1
KLF1,K562,OpPert,top_DE_Pearson,0.6076058884956621,2
KLF1,K562,descriptor-only,top_DE_Pearson,0.4072557075988704,2
KLF1,K562,linear,top_DE_Pearson,0.49519494024000893,2
KLF1,K562,GEARS,top_DE_Pearson,0.5017491032728877,2
KLF1,K562,mean,top_DE_Pearson,0.23730763748900663,2
KLF1,K562,OpPert,top_DE_Pearson,0.6540324153260466,3
KLF1,K562,descriptor-only,top_DE_Pearson,0.36367349236558805,3
KLF1,K562,linear,top_DE_Pearson,0.4851698363385829,3
KLF1,K562,GEARS,top_DE_Pearson,0.5133975966518649,3
KLF1,K562,mean,top_DE_Pearson,0.35653820693974464,3
KLF1,K562,OpPert,top_DE_Pearson,0.5103253870703036,4
KLF1,K562,descriptor-only,top_DE_Pearson,0.49963515906843015,4
KLF1,K562,linear,top_DE_Pearson,0.3663779515634143,4
KLF1,K562,GEARS,top_DE_Pearson,0.48605027267956463,4
KLF1,K562,mean,top_DE_Pearson,0.3061675194068525,4
ELK1,K562,OpPert,top_DE_Pearson,0.49936212347597814,0
ELK1,K562,descriptor-only,top_DE_Pearson,0.47572486724721275,0
ELK1,K562,linear,top_DE_Pearson,0.524648712563181,0
ELK1,K562,GEARS,top_DE_Pearson,0.469404654289788,0
ELK1,K562,mean,top_DE_Pearson,0.3868408653955467,0
ELK1,K562,OpPert,top_DE_Pearson,0.542984439926676,1
ELK1,K562,descriptor-only,top_DE_Pearson,0.3964360674457195,1
ELK1,K562,linear,top_DE_Pearson,0.4445228744055362,1
ELK1,K562,GEARS,top_DE_Pearson,0.4720308465525031,1
ELK1,K562,mean,top_DE_Pearson,0.29820040524967323,1
ELK1,K562,OpPert,top_DE_Pearson,0.5657089757193501,2
ELK1,K562,descriptor-only,top_DE_Pearson,0.4640787712622856,2
ELK1,K562,linear,top_DE_Pearson,0.36456101810383496,2
ELK1,K562,GEARS,top_DE_Pearson,0.39090844028563854,2
ELK1,K562,mean,top_DE_Pearson,0.3654810671923453,2
ELK1,K562,OpPert,top_DE_Pearson,0.49108281427232797,3
ELK1,K562,descriptor-only,top_DE_Pearson,0.4681224693060195,3
ELK1,K562,linear,top_DE_Pearson,0.5068558946865513,3
ELK1,K562,GEARS,top_DE_Pearson,0.41374282975566645,3
ELK1,K562,mean,top_DE_Pearson,0.25530776472542893,3
ELK1,K562,OpPert,top_DE_Pearson,0.6404659009437177,4
ELK1,K562,descriptor-only,top_DE_Pearson,0.47109424697774754,4
ELK1,K562,linear,top_DE_Pearson,0.4348455605996038,4
ELK1,K562,GEARS,top_DE_Pearson,0.43396357284122417,4
ELK1,K562,mean,top_DE_Pearson,0.30937354906556325,4
FOXA1,K562,OpPert,top_DE_Pearson,0.4685656598332014,0
FOXA1,K562,descriptor-only,top_DE_Pearson,0.5030047304454355,0
FOXA1,K562,linear,top_DE_Pearson,0.4133949307836208,0
FOXA1,K562,GEARS,top_DE_Pearson,0.5556120752929761,0
FOXA1,K562,mean,top_DE_Pearson,0.31596226481379935,0
FOXA1,K562,OpPert,top_DE_Pearson,0.4773989889829612,1
FOXA1,K562,descriptor-only,top_DE_Pearson,0.4244219047191719,1
FOXA1,K562,linear,top_DE_Pearson,0.30254999334991506,1
FOXA1,K562,GEARS,top_DE_Pearson,0.4827538853995596,1
FOXA1,K562,mean,top_DE_Pearson,0.3297928485321905,1
FOXA1,K562,OpPert,top_DE_Pearson,0.5894845647928781,2
FOXA1,K562,descriptor-only,top_DE_Pearson,0.33682170432099723,2
FOXA1,K562,linear,top_DE_Pearson,0.5297119816518129,2
FOXA1,K562,GEARS,top_DE_Pearson,0.5392359576998593,2
FOXA1,K562,mean,top_DE_Pearson,0.4151226138219198,2
FOXA1,K562,OpPert,top_DE_Pearson,0.5368367174397518,3
FOXA1,K562,descriptor-only,top_DE_Pearson,0.5108338100461653,3
FOXA1,K562,linear,top_DE_Pearson,0.3717253579055857,3
FOXA1,K562,GEARS,top_DE_Pearson,0.532782853912272,3
FOXA1,K562,mean,top_DE_Pearson,0.2937302342740033,3
FOXA1,K562,OpPert,top_DE_Pearson,0.44091589005462384,4
FOXA1,K562,descriptor-only,top_DE_Pearson,0.38255156891013836,4
FOXA1,K562,linear,top_DE_Pearson,0.46033186831775624,4
FOXA1,K562,GEARS,top_DE_Pearson,0.4405420475069438,4
FOXA1,K562,mean,top_DE_Pearson,0.36256441190174804,4
MAPK1,K562,OpPert,top_DE_Pearson,0.431505746699759,0
MAPK1,K562,descriptor-only,top_DE_Pearson,0.3223741473830483,0
MAPK1,K562,linear,top_DE_Pearson,0.5423432460486146,0
MAPK1,K562,GEARS,top_DE_Pearson,0.5442280077640861,0
MAPK1,K562,mean,top_DE_Pearson,0.2770421898451716,0
MAPK1,K562,OpPert,top_DE_Pearson,0.5398200213917677,1
MAPK1,K562,descriptor-only,top_DE_Pearson,0.5111704236120794,1
MAPK1,K562,linear,top_DE_Pearson,0.4851520364974363,1
MAPK1,K562,GEARS,top_DE_Pearson,0.49889338577100867,1
MAPK1,K562,mean,top_DE_Pearson,0.4057092448787558,1
MAPK1,K562,OpPert,top_DE_Pearson,0.49615725148792683,2
MAPK1,K562,descriptor-only,top_DE_Pearson,0.45187070691987774,2
MAPK1,K562,linear,top_DE_Pearson,0.4589290817024565,2
MAPK1,K562,GEARS,top_DE_Pearson,0.47363427713973744,2
MAPK1,K562,mean,top_DE_Pearson,0.31661166931475493,2
MAPK1,K562,OpPert,top_DE_Pearson,0.5443720942697095,3
MAPK1,K562,descriptor-only,top_DE_Pearson,0.4520644497591317,3
MAPK1,K562,linear,top_DE_Pearson,0.3970943414479285,3
MAPK1,K562,GEARS,top_DE_Pearson,0.5381077545940268,3
MAPK1,K562,mean,top_DE_Pearson,0.28141688753402455,3
MAPK1,K562,OpPert,top_DE_Pearson,0.5269059933271696,4
MAPK1,K562,descriptor-only,top_DE_Pearson,0.4322831716367969,4
MAPK1,K562,linear,top_DE_Pearson,0.48148621675955294,4
MAPK1,K562,GEARS,top_DE_Pearson,0.36285376358696003,4
MAPK1,K562,mean,top_DE_Pearson,0.3934545888957675,4
STAT3,K562,OpPert,top_DE_Pearson,0.49938057914327016,0
STAT3,K562,descriptor-only,top_DE_Pearson,0.5231977976866232,0
STAT3,K562,linear,top_DE_Pearson,0.43131010452903074,0
STAT3,K562,GEARS,top_DE_Pearson,0.48706938485595935,0
STAT3,K562,mean,top_DE_Pearson,0.4548271624041054,0
STAT3,K562,OpPert,top_DE_Pearson,0.5233597074723799,1
STAT3,K562,descriptor-only,top_DE_Pearson,0.5243309930804075,1
STAT3,K562,linear,top_DE_Pearson,0.4623427051338736,1
STAT3,K562,GEARS,top_DE_Pearson,0.5149251298176094,1
STAT3,K562,mean,top_DE_Pearson,0.3441975153646825,1
STAT3,K562,OpPert,top_DE_Pearson,0.5908710975780075,2
STAT3,K562,descriptor-only,top_DE_Pearson,0.40886810322881695,2
STAT3,K562,linear,top_DE_Pearson,0.4009570886188489,2
STAT3,K562,GEARS,top_DE_Pearson,0.4516854285773787,2
STAT3,K562,mean,top_DE_Pearson,0.3459826225794455,2
STAT3,K562,OpPert,top_DE_Pearson,0.5267508728669803,3
STAT3,K562,descriptor-only,top_DE_Pearson,0.4926164925882706,3
STAT3,K562,linear,top_DE_Pearson,0.5382839019892912,3
STAT3,K562,GEARS,top_DE_Pearson,0.4314496997658995,3
STAT3,K562,mean,top_DE_Pearson,0.29596307250316406,3
STAT3,K562,OpPert,top_DE_Pearson,0.4538256349012288,4
STAT3,K562,descriptor-only,top_DE_Pearson,0.5718223794455463,4
STAT3,K562,linear,top_DE_Pearson,0.47828016994730965,4
STAT3,K562,GEARS,top_DE_Pearson,0.5187881392030946,4
STAT3,K562,mean,top_DE_Pearson,0.25958749689813715,4
CEBPA,RPE1,OpPert,top_DE_Pearson,0.5399298006595875,0
CEBPA,RPE1,descriptor-only,top_DE_Pearson,0.4805548790647851,0
CEBPA,RPE1,linear,top_DE_Pearson,0.44483453856793453,0
CEBPA,RPE1,GEARS,top_DE_Pearson,0.5545423374895837,0
CEBPA,RPE1,mean,top_DE_Pearson,0.4787098675385698,0
CEBPA,RPE1,OpPert,top_DE_Pearson,0.4831762303743629,1
CEBPA,RPE1,descriptor-only,top_DE_Pearson,0.3886747652413982,1
CEBPA,RPE1,linear,top_DE_Pearson,0.4073346360682854,1
CEBPA,RPE1,GEARS,top_DE_Pearson,0.5863719496009894,1
CEBPA,RPE1,mean,top_DE_Pearson,0.4025413190217811,1
CEBPA,RPE1,OpPert,top_DE_Pearson,0.5318683309323812,2
CEBPA,RPE1,descriptor-only,top_DE_Pearson,0.45219357986405245,2
CEBPA,RPE1,linear,top_DE_Pearson,0.41100738242819673,2
CEBPA,RPE1,GEARS,top_DE_Pearson,0.543401629464591,2
CEBPA,RPE1,mean,top_DE_Pearson,0.3172058905534868,2
CEBPA,RPE1,OpPert,top_DE_Pearson,0.5243954076327001,3
CEBPA,RPE1,descriptor-only,top_DE_Pearson,0.4865273862917554,3
CEBPA,RPE1,linear,top_DE_Pearson,0.44872030371500676,3
CEBPA,RPE1,GEARS,top_DE_Pearson,0.47590204039012923,3
CEBPA,RPE1,mean,top_DE_Pearson,0.3406345123317445,3
CEBPA,RPE1,OpPert,top_DE_Pearson,0.5877213248275847,4
CEBPA,RPE1,descriptor-only,top_DE_Pearson,0.54878958452903,4
CEBPA,RPE1,linear,top_DE_Pearson,0.49512917393476497,4
CEBPA,RPE1,GEARS,top_DE_Pearson,0.538198853417456,4
CEBPA,RPE1,mean,top_DE_Pearson,0.32800875627393256,4
CEBPE,RPE1,OpPert,top_DE_Pearson,0.497532128209877,0
CEBPE,RPE1,descriptor-only,top_DE_Pearson,0.48923917393410693,0
CEBPE,RPE1,linear,top_DE_Pearson,0.4702744494760343,0
CEBPE,RPE1,GEARS,top_DE_Pearson,0.40464228107501504,0
CEBPE,RPE1,mean,top_DE_Pearson,0.3203158225944641,0
CEBPE,RPE1,OpPert,top_DE_Pearson,0.5350261785911068,1
CEBPE,RPE1,descriptor-only,top_DE_Pearson,0.4193725279782913,1
CEBPE,RPE1,linear,top_DE_Pearson,0.5489041356725277,1
CEBPE,RPE1,GEARS,top_DE_Pearson,0.518790342214133,1
CEBPE,RPE1,mean,top_DE_Pearson,0.4223904950733189,1
CEBPE,RPE1,OpPert,top_DE_Pearson,0.5558055156991296,2
CEBPE,RPE1,descriptor-only,top_DE_Pearson,0.4548832701855047,2
CEBPE,RPE1,linear,top_DE_Pearson,0.4038041309433851,2
CEBPE,RPE1,GEARS,top_DE_Pearson,0.490715771991794,2
CEBPE,RPE1,mean,top_DE_Pearson,0.3407832355405264,2
CEBPE,RPE1,OpPert,top_DE_Pearson,0.45797316695794604,3
CEBPE,RPE1,descriptor-only,top_DE_Pearson,0.41762835181377633,3
CEBPE,RPE1,linear,top_DE_Pearson,0.4406030440890183,3
CEBPE,RPE1,GEARS,top_DE_Pearson,0.5148087726433432,3
CEBPE,RPE1,mean,top_DE_Pearson,0.3676810067191424,3
CEBPE,RPE1,OpPert,top_DE_Pearson,0.5051208910820878,4
CEBPE,RPE1,descriptor-only,top_DE_Pearson,0.4781321761525131,4
CEBPE,RPE1,linear,top_DE_Pearson,0.449075264239089,4
CEBPE,RPE1,GEARS,top_DE_Pearson,0.3178227985087026,4
CEBPE,RPE1,mean,top_DE_Pearson,0.3109178780829075,4
CDKN1A,RPE1,OpPert,top_DE_Pearson,0.6047393184085428,0
CDKN1A,RPE1,descriptor-only,top_DE_Pearson,0.34909165460233926,0
CDKN1A,RPE1,linear,top_DE_Pearson,0.46676147202493246,0
CDKN1A,RPE1,GEARS,top_DE_Pearson,0.5851156728511172,0
CDKN1A,RPE1,mean,top_DE_Pearson,0.29436322281937116,0
CDKN1A,RPE1,OpPert,top_DE_Pearson,0.5401289448256612,1
CDKN1A,RPE1,descriptor-only,top_DE_Pearson,0.37175902456632476,1
CDKN1A,RPE1,linear,top_DE_Pearson,0.5576338684998143,1
CDKN1A,RPE1,GEARS,top_DE_Pearson,0.4850000423802031,1
CDKN1A,RPE1,mean,top_DE_Pearson,0.34279761056764113,1
CDKN1A,RPE1,OpPert,top_DE_Pearson,0.6212580279303374,2
CDKN1A,RPE1,descriptor-only,top_DE_Pearson,0.48968870367872885,2
CDKN1A,RPE1,linear,top_DE_Pearson,0.40746227605019564,2
CDKN1A,RPE1,GEARS,top_DE_Pearson,0.45116332455476105,2
CDKN1A,RPE1,mean,top_DE_Pearson,0.36969587827139794,2
CDKN1A,RPE1,OpPert,top_DE_Pearson,0.5025527366962237,3
CDKN1A,RPE1,descriptor-only,top_DE_Pearson,0.3229654012727684,3
CDKN1A,RPE1,linear,top_DE_Pearson,0.45680555208165535,3
CDKN1A,RPE1,GEARS,top_DE_Pearson,0.4011872403325114,3
CDKN1A,RPE1,mean,top_DE_Pearson,0.4369769052138236,3
CDKN1A,RPE1,OpPert,top_DE_Pearson,0.5506072582657892,4
CDKN1A,RPE1,descriptor-only,top_DE_Pearson,0.3956894965953855,4
CDKN1A,RPE1,linear,top_DE_Pearson,0.4180820551202528,4
CDKN1A,RPE1,GEARS,top_DE_Pearson,0.3766361447275648,4
CDKN1A,RPE1,mean,top_DE_Pearson,0.2740322867931698,4
CDKN1B,RPE1,OpPert,top_DE_Pearson,0.600979392152442,0
CDKN1B,RPE1,descriptor-only,top_DE_Pearson,0.5839071687295435,0
CDKN1B,RPE1,linear,top_DE_Pearson,0.5035837907919375,0
CDKN1B,RPE1,GEARS,top_DE_Pearson,0.48447744768273826,0
CDKN1B,RPE1,mean,top_DE_Pearson,0.31408243746076503,0
CDKN1B,RPE1,OpPert,top_DE_Pearson,0.4826102511854183,1
CDKN1B,RPE1,descriptor-only,top_DE_Pearson,0.5735859539603845,1
CDKN1B,RPE1,linear,top_DE_Pearson,0.44867507788813754,1
CDKN1B,RPE1,GEARS,top_DE_Pearson,0.6169377898037502,1
CDKN1B,RPE1,mean,top_DE_Pearson,0.4236111705766037,1
CDKN1B,RPE1,OpPert,top_DE_Pearson,0.4355522141192236,2
CDKN1B,RPE1,descriptor-only,top_DE_Pearson,0.4100428562544425,2
CDKN1B,RPE1,linear,top_DE_Pearson,0.41985729254957066,2
CDKN1B,RPE1,GEARS,top_DE_Pearson,0.48520921815365564,2
CDKN1B,RPE1,mean,top_DE_Pearson,0.3363811448131748,2
CDKN1B,RPE1,OpPert,top_DE_Pearson,0.7197743457238885,3
CDKN1B,RPE1,descriptor-only,top_DE_Pearson,0.3853663275315145,3
CDKN1B,RPE1,linear,top_DE_Pearson,0.4737381961398634,3
CDKN1B,RPE1,GEARS,top_DE_Pearson,0.5269904645480682,3
CDKN1B,RPE1,mean,top_DE_Pearson,0.33990567973184826,3
CDKN1B,RPE1,OpPert,top_DE_Pearson,0.5466108346668815,4
CDKN1B,RPE1,descriptor-only,top_DE_Pearson,0.3873114663416048,4
CDKN1B,RPE1,linear,top_DE_Pearson,0.46638917167616095,4
CDKN1B,RPE1,GEARS,top_DE_Pearson,0.5206839397704623,4
CDKN1B,RPE1,mean,top_DE_Pearson,0.35965603505626775,4
SPI1,RPE1,OpPert,top_DE_Pearson,0.5742120542347255,0
SPI1,RPE1,descriptor-only,top_DE_Pearson,0.534756474038174,0
SPI1,RPE1,linear,top_DE_Pearson,0.5162179925148606,0
SPI1,RPE1,GEARS,top_DE_Pearson,0.4942776768098462,0
SPI1,RPE1,mean,top_DE_Pearson,0.26969449888700336,0
SPI1,RPE1,OpPert,top_DE_Pearson,0.5039996835173328,1
SPI1,RPE1,descriptor-only,top_DE_Pearson,0.4368221308849551,1
SPI1,RPE1,linear,top_DE_Pearson,0.4751407498804869,1
SPI1,RPE1,GEARS,top_DE_Pearson,0.4613000343100363,1
SPI1,RPE1,mean,top_DE_Pearson,0.28385600804893896,1
SPI1,RPE1,OpPert,top_DE_Pearson,0.4687080786527798,2
SPI1,RPE1,descriptor-only,top_DE_Pearson,0.3509293344566682,2
SPI1,RPE1,linear,top_DE_Pearson,0.4459029577735259,2
SPI1,RPE1,GEARS,top_DE_Pearson,0.4018200734757817,2
SPI1,RPE1,mean,top_DE_Pearson,0.2799684589505565,2
SPI1,RPE1,OpPert,top_DE_Pearson,0.5163658876293419,3
SPI1,RPE1,descriptor-only,top_DE_Pearson,0.36984496143651396,3
SPI1,RPE1,linear,top_DE_Pearson,0.48278513130992184,3
SPI1,RPE1,GEARS,top_DE_Pearson,0.5344133838163412,3
SPI1,RPE1,mean,top_DE_Pearson,0.3070343788134761,3
SPI1,RPE1,OpPert,top_DE_Pearson,0.5137783615434,4
SPI1,RPE1,descriptor-only,top_DE_Pearson,0.4822457862083447,4
SPI1,RPE1,linear,top_DE_Pearson,0.41716029416591927,4
SPI1,RPE1,GEARS,top_DE_Pearson,0.4430359653041623,4
SPI1,RPE1,mean,top_DE_Pearson,0.41178990869117743,4
JUN,RPE1,OpPert,top_DE_Pearson,0.5930512643227672,0
JUN,RPE1,descriptor-only,top_DE_Pearson,0.48609300014063517,0
JUN,RPE1,linear,top_DE_Pearson,0.5155386772836456,0
JUN,RPE1,GEARS,top_DE_Pearson,0.3713632764779582,0
JUN,RPE1,mean,top_DE_Pearson,0.4212301328075865,0
JUN,RPE1,OpPert,top_DE_Pearson,0.5635237269950246,1
JUN,RPE1,descriptor-only,top_DE_Pearson,0.5106468830403441,1
JUN,RPE1,linear,top_DE_Pearson,0.4832297067469818,1
JUN,RPE1,GEARS,top_DE_Pearson,0.49293548948080934,1
JUN,RPE1,mean,top_DE_Pearson,0.32348144725827677,1
JUN,RPE1,OpPert,top_DE_Pearson,0.5620286626131724,2
JUN,RPE1,descriptor-only,top_DE_Pearson,0.4312951254657269,2
JUN,RPE1,linear,top_DE_Pearson,0.5120725660039067,2
JUN,RPE1,GEARS,top_DE_Pearson,0.39481260132686796,2
JUN,RPE1,mean,top_DE_Pearson,0.3075054482923434,2
JUN,RPE1,OpPert,top_DE_Pearson,0.6626893949085988,3
JUN,RPE1,descriptor-only,top_DE_Pearson,0.41243517218565645,3
JUN,RPE1,linear,top_DE_Pearson,0.4456789766161913,3
JUN,RPE1,GEARS,top_DE_Pearson,0.4370451439989954,3
JUN,RPE1,mean,top_DE_Pearson,0.3601507403731495,3
JUN,RPE1,OpPert,top_DE_Pearson,0.49582410659146836,4
JUN,RPE1,descriptor-only,top_DE_Pearson,0.438863343911577,4
JUN,RPE1,linear,top_DE_Pearson,0.5109319921621043,4
JUN,RPE1,GEARS,top_DE_Pearson,0.44807419487111105,4
JUN,RPE1,mean,top_DE_Pearson,0.3873166671559133,4
FOS,RPE1,OpPert,top_DE_Pearson,0.5893337589336214,0
FOS,RPE1,descriptor-only,top_DE_Pearson,0.5132973656831576,0
FOS,RPE1,linear,top_DE_Pearson,0.46843245969508246,0
FOS,RPE1,GEARS,top_DE_Pearson,0.6844755446186072,0
FOS,RPE1,mean,top_DE_Pearson,0.40327202179252497,0
FOS,RPE1,OpPert,top_DE_Pearson,0.5594926574644097,1
FOS,RPE1,descriptor-only,top_DE_Pearson,0.3974445351550959,1
FOS,RPE1,linear,top_DE_Pearson,0.45417645244755156,1
FOS,RPE1,GEARS,top_DE_Pearson,0.5755796186140021,1
FOS,RPE1,mean,top_DE_Pearson,0.44257207693757616,1
FOS,RPE1,OpPert,top_DE_Pearson,0.6286997460264138,2
FOS,RPE1,descriptor-only,top_DE_Pearson,0.4971115384037772,2
FOS,RPE1,linear,top_DE_Pearson,0.38466038762226573,2
FOS,RPE1,GEARS,top_DE_Pearson,0.5192297090695402,2
FOS,RPE1,mean,top_DE_Pearson,0.26551585731682015,2
FOS,RPE1,OpPert,top_DE_Pearson,0.4507517283971545,3
FOS,RPE1,descriptor-only,top_DE_Pearson,0.46434952107463434,3
FOS,RPE1,linear,top_DE_Pearson,0.491391966836185,3
FOS,RPE1,GEARS,top_DE_Pearson,0.5442026259088483,3
FOS,RPE1,mean,top_DE_Pearson,0.3698281744231657,3
FOS,RPE1,OpPert,top_DE_Pearson,0.5718951591445649,4
FOS,RPE1,descriptor-only,top_DE_Pearson,0.3909208449004574,4
FOS,RPE1,linear,top_DE_Pearson,0.45370139891892003,4
FOS,RPE1,GEARS,top_DE_Pearson,0.3995729928619307,4
FOS,RPE1,mean,top_DE_Pearson,0.2197978522359883,4
KLF1,RPE1,OpPert,top_DE_Pearson,0.5844385625905845,0
KLF1,RPE1,descriptor-only,top_DE_Pearson,0.4048125363725425,0
KLF1,RPE1,linear,top_DE_Pearson,0.5123499101285832,0
KLF1,RPE1,GEARS,top_DE_Pearson,0.5565008546728023,0
KLF1,RPE1,mean,top_DE_Pearson,0.30284096052260817,0
KLF1,RPE1,OpPert,top_DE_Pearson,0.575418665673318,1
KLF1,RPE1,descriptor-only,top_DE_Pearson,0.4103305962831815,1
KLF1,RPE1,linear,top_DE_Pearson,0.3492472675223906,1
KLF1,RPE1,GEARS,top_DE_Pearson,0.4973985642665475,1
KLF1,RPE1,mean,top_DE_Pearson,0.3117475672170544,1
KLF1,RPE1,OpPert,top_DE_Pearson,0.5135946593647721,2
KLF1,RPE1,descriptor-only,top_DE_Pearson,0.5685205870707315,2
KLF1,RPE1,linear,top_DE_Pearson,0.3684485810360397,2
KLF1,RPE1,GEARS,top_DE_Pearson,0.5129722681222882,2
KLF1,RPE1,mean,top_DE_Pearson,0.28031156577131494,2
KLF1,RPE1,OpPert,top_DE_Pearson,0.5944956845560395,3
KLF1,RPE1,descriptor-only,top_DE_Pearson,0.46790587417050394,3
KLF1,RPE1,linear,top_DE_Pearson,0.4827606609508368,3
KLF1,RPE1,GEARS,top_DE_Pearson,0.4333066229438644,3
KLF1,RPE1,mean,top_DE_Pearson,0.2940647252027006,3
KLF1,RPE1,OpPert,top_DE_Pearson,0.5956350304407532,4
KLF1,RPE1,descriptor-only,top_DE_Pearson,0.5562478633036538,4
KLF1,RPE1,linear,top_DE_Pearson,0.4888184690334513,4
KLF1,RPE1,GEARS,top_DE_Pearson,0.436154756753714,4
KLF1,RPE1,mean,top_DE_Pearson,0.3603363113477241,4
ELK1,RPE1,OpPert,top_DE_Pearson,0.6856483226602565,0
ELK1,RPE1,descriptor-only,top_DE_Pearson,0.4561453686431347,0
ELK1,RPE1,linear,top_DE_Pearson,0.547710451563616,0
ELK1,RPE1,GEARS,top_DE_Pearson,0.4455802380496773,0
ELK1,RPE1,mean,top_DE_Pearson,0.33747483690181684,0
ELK1,RPE1,OpPert,top_DE_Pearson,0.5771739123675326,1
ELK1,RPE1,descriptor-only,top_DE_Pearson,0.47383969849577184,1
ELK1,RPE1,linear,top_DE_Pearson,0.41401667919333035,1
ELK1,RPE1,GEARS,top_DE_Pearson,0.441428952572164,1
ELK1,RPE1,mean,top_DE_Pearson,0.3992970641861595,1
ELK1,RPE1,OpPert,top_DE_Pearson,0.6114930487590088,2
ELK1,RPE1,descriptor-only,top_DE_Pearson,0.5407286134873153,2
ELK1,RPE1,linear,top_DE_Pearson,0.5682358289951721,2
ELK1,RPE1,GEARS,top_DE_Pearson,0.49807716617935577,2
ELK1,RPE1,mean,top_DE_Pearson,0.32132804534610443,2
ELK1,RPE1,OpPert,top_DE_Pearson,0.6210594563267082,3
ELK1,RPE1,descriptor-only,top_DE_Pearson,0.49278415691109523,3
ELK1,RPE1,linear,top_DE_Pearson,0.4010526844799445,3
ELK1,RPE1,GEARS,top_DE_Pearson,0.4279818600688653,3
ELK1,RPE1,mean,top_DE_Pearson,0.36951581208137857,3
ELK1,RPE1,OpPert,top_DE_Pearson,0.52936352031096,4
ELK1,RPE1,descriptor-only,top_DE_Pearson,0.44841420271555815,4
ELK1,RPE1,linear,top_DE_Pearson,0.5243520018826117,4
ELK1,RPE1,GEARS,top_DE_Pearson,0.5355422286991022,4
ELK1,RPE1,mean,top_DE_Pearson,0.4197923949051059,4
FOXA1,RPE1,OpPert,top_DE_Pearson,0.4241078336175981,0
FOXA1,RPE1,descriptor-only,top_DE_Pearson,0.46520387503327204,0
FOXA1,RPE1,linear,top_DE_Pearson,0.5016813113438324,0
FOXA1,RPE1,GEARS,top_DE_Pearson,0.3984048485987389,0
FOXA1,RPE1,mean,top_DE_Pearson,0.3007062615214017,0
FOXA1,RPE1,OpPert,top_DE_Pearson,0.4895708902602649,1
FOXA1,RPE1,descriptor-only,top_DE_Pearson,0.45130189026359496,1
FOXA1,RPE1,linear,top_DE_Pearson,0.5576712381216439,1
FOXA1,RPE1,GEARS,top_DE_Pearson,0.611355364279894,1
FOXA1,RPE1,mean,top_DE_Pearson,0.2911427468156031,1
FOXA1,RPE1,OpPert,top_DE_Pearson,0.5715934350296145,2
FOXA1,RPE1,descriptor-only,top_DE_Pearson,0.4835278711285389,2
FOXA1,RPE1,linear,top_DE_Pearson,0.4832575462908849,2
FOXA1,RPE1,GEARS,top_DE_Pearson,0.5139387780843541,2
FOXA1,RPE1,mean,top_DE_Pearson,0.3582245501470797,2
FOXA1,RPE1,OpPert,top_DE_Pearson,0.6412542072483852,3
FOXA1,RPE1,descriptor-only,top_DE_Pearson,0.5161479908620834,3
FOXA1,RPE1,linear,top_DE_Pearson,0.396390766144104,3
FOXA1,RPE1,GEARS,top_DE_Pearson,0.537743264852833,3
FOXA1,RPE1,mean,top_DE_Pearson,0.39354240247068717,3
FOXA1,RPE1,OpPert,top_DE_Pearson,0.5588980372291074,4
FOXA1,RPE1,descriptor-only,top_DE_Pearson,0.5178854622301637,4
FOXA1,RPE1,linear,top_DE_Pearson,0.47128444205794223,4
FOXA1,RPE1,GEARS,top_DE_Pearson,0.502028063264575,4
FOXA1,RPE1,mean,top_DE_Pearson,0.34727443268062264,4
MAPK1,RPE1,OpPert,top_DE_Pearson,0.4189053548520199,0
MAPK1,RPE1,descriptor-only,top_DE_Pearson,0.4451760963656476,0
MAPK1,RPE1,linear,top_DE_Pearson,0.41990496553272577,0
MAPK1,RPE1,GEARS,top_DE_Pearson,0.41881312130844656,0
MAPK1,RPE1,mean,top_DE_Pearson,0.4260410970843714,0
MAPK1,RPE1,OpPert,top_DE_Pearson,0.5702524511120675,1
MAPK1,RPE1,descriptor-only,top_DE_Pearson,0.44821013514332714,1
MAPK1,RPE1,linear,top_DE_Pearson,0.4261117989338544,1
MAPK1,RPE1,GEARS,top_DE_Pearson,0.5077701750777244,1
MAPK1,RPE1,mean,top_DE_Pearson,0.3994861655990508,1
MAPK1,RPE1,OpPert,top_DE_Pearson,0.4903820493871836,2
MAPK1,RPE1,descriptor-only,top_DE_Pearson,0.4497102976634034,2
MAPK1,RPE1,linear,top_DE_Pearson,0.5120839899310704,2
MAPK1,RPE1,GEARS,top_DE_Pearson,0.3738399322549522,2
MAPK1,RPE1,mean,top_DE_Pearson,0.33654581425567576,2
MAPK1,RPE1,OpPert,top_DE_Pearson,0.5142425177671477,3
MAPK1,RPE1,descriptor-only,top_DE_Pearson,0.441970208534698,3
MAPK1,RPE1,linear,top_DE_Pearson,0.42990228661768587,3
MAPK1,RPE1,GEARS,top_DE_Pearson,0.4982574763124377,3
MAPK1,RPE1,mean,top_DE_Pearson,0.4554176332253631,3
MAPK1,RPE1,OpPert,top_DE_Pearson,0.520564651564287,4
MAPK1,RPE1,descriptor-only,top_DE_Pearson,0.46750266054564643,4
MAPK1,RPE1,linear,top_DE_Pearson,0.5796847851045468,4
MAPK1,RPE1,GEARS,top_DE_Pearson,0.45699906529764667,4
MAPK1,RPE1,mean,top_DE_Pearson,0.44888052093573816,4
STAT3,RPE1,OpPert,top_DE_Pearson,0.5403193803976265,0
STAT3,RPE1,descriptor-only,top_DE_Pearson,0.5569137735518956,0
STAT3,RPE1,linear,top_DE_Pearson,0.5050120674967792,0
STAT3,RPE1,GEARS,top_DE_Pearson,0.5084265017549453,0
STAT3,RPE1,mean,top_DE_Pearson,0.3360621590868048,0
STAT3,RPE1,OpPert,top_DE_Pearson,0.5025575136072474,1
STAT3,RPE1,descriptor-only,top_DE_Pearson,0.4545474929978612,1
STAT3,RPE1,linear,top_DE_Pearson,0.5138416875412015,1
STAT3,RPE1,GEARS,top_DE_Pearson,0.48921331414019975,1
STAT3,RPE1,mean,top_DE_Pearson,0.32100263169628857,1
STAT3,RPE1,OpPert,top_DE_Pearson,0.5249530479493336,2
STAT3,RPE1,descriptor-only,top_DE_Pearson,0.5095485968149832,2
STAT3,RPE1,linear,top_DE_Pearson,0.5335096873059914,2
STAT3,RPE1,GEARS,top_DE_Pearson,0.4499709691738978,2
STAT3,RPE1,mean,top_DE_Pearson,0.2998847285531506,2
STAT3,RPE1,OpPert,top_DE_Pearson,0.5627615351800268,3
STAT3,RPE1,descriptor-only,top_DE_Pearson,0.5416519238854353,3
STAT3,RPE1,linear,top_DE_Pearson,0.5287594184987536,3
STAT3,RPE1,GEARS,top_DE_Pearson,0.41488886726920526,3
STAT3,RPE1,mean,top_DE_Pearson,0.3241554418004883,3
STAT3,RPE1,OpPert,top_DE_Pearson,0.4841637867186293,4
STAT3,RPE1,descriptor-only,top_DE_Pearson,0.4339492486850845,4
STAT3,RPE1,linear,top_DE_Pearson,0.5562645997621213,4
STAT3,RPE1,GEARS,top_DE_Pearson,0.404643961073019,4
STAT3,RPE1,mean,top_DE_Pearson,0.24286808240318863,4
